{

    "metadata" :
    {
        "formatVersion" : 3.1,
        "sourceFile"    : "skybox.obj",
        "generatedBy"   : "OBJConverter",
        "vertices"      : 130,
        "faces"         : 144,
        "normals"       : 130,
        "colors"        : 0,
        "uvs"           : 65,
        "materials"     : 2
    },

    "scale" : 1.000000,

    "materials": [	{
	"DbgColor" : 15658734,
	"DbgIndex" : 0,
	"DbgName" : "default",
	"colorAmbient" : [0.7898538076923077, 0.8133333333333334, 0.6940444444444445],
	"colorDiffuse" : [0.7898538076923077, 0.8133333333333334, 0.6940444444444445],
	"colorSpecular" : [1.0, 1.0, 1.0],
	"illumination" : 2,
	"specularCoef" : 100.0,
	"transparency" : 1.0
	},

	{
	"DbgColor" : 15597568,
	"DbgIndex" : 1,
	"DbgName" : "skyBox",
	"colorAmbient" : [1.0, 1.0, 1.0],
	"colorDiffuse" : [1.0, 1.0, 1.0],
	"colorSpecular" : [1.0, 1.0, 1.0],
	"illumination" : 2,
	"mapDiffuse" : "skybox.jpg",
	"specularCoef" : 100.0,
	"transparency" : 1.0
	}],

    "vertices": [38.268343,42.304351,0.000000,35.355339,42.304351,14.644661,27.059805,42.304351,27.059805,14.644661,42.304351,35.355339,0.000000,42.304351,38.268343,-14.644661,42.304351,35.355339,-27.059805,42.304351,27.059805,-35.355339,42.304351,14.644661,-38.268343,42.304351,0.000000,-35.355339,42.304351,-14.644661,-27.059805,42.304351,-27.059805,-14.644661,42.304351,-35.355339,-0.000000,42.304351,-38.268343,14.644661,42.304351,-35.355339,27.059805,42.304351,-27.059805,35.355339,42.304351,-14.644661,70.710678,20.627076,0.000000,65.328148,20.627076,27.059805,50.000000,20.627076,50.000000,27.059805,20.627076,65.328148,0.000000,20.627076,70.710678,-27.059805,20.627076,65.328148,-50.000000,20.627076,50.000000,-65.328148,20.627076,27.059805,-70.710678,20.627076,0.000000,-65.328148,20.627076,-27.059805,-50.000000,20.627076,-50.000000,-27.059805,20.627076,-65.328148,-0.000000,20.627076,-70.710678,27.059805,20.627076,-65.328148,50.000000,20.627076,-50.000000,65.328148,20.627076,-27.059805,92.387953,-11.815259,0.000000,85.355339,-11.815259,35.355339,65.328148,-11.815259,65.328148,35.355339,-11.815259,85.355339,0.000000,-11.815259,92.387953,-35.355339,-11.815259,85.355339,-65.328148,-11.815259,65.328148,-85.355339,-11.815259,35.355339,-92.387953,-11.815259,0.000000,-85.355339,-11.815259,-35.355339,-65.328148,-11.815259,-65.328148,-35.355339,-11.815259,-85.355339,-0.000000,-11.815259,-92.387953,35.355339,-11.815259,-85.355339,65.328148,-11.815259,-65.328148,85.355339,-11.815259,-35.355339,100.000000,-50.083602,0.000000,92.387953,-50.083602,38.268343,70.710678,-50.083602,70.710678,38.268343,-50.083602,92.387953,0.000000,-50.083602,100.000000,-38.268343,-50.083602,92.387953,-70.710678,-50.083602,70.710678,-92.387953,-50.083602,38.268343,-100.000000,-50.083602,0.000000,-92.387953,-50.083602,-38.268343,-70.710678,-50.083602,-70.710678,-38.268343,-50.083602,-92.387953,-0.000000,-50.083602,-100.000000,38.268343,-50.083602,-92.387953,70.710678,-50.083602,-70.710678,92.387953,-50.083602,-38.268343,0.000000,49.916398,0.000000,38.268343,42.304351,0.000000,35.355339,42.304351,14.644661,27.059805,42.304351,27.059805,14.644661,42.304351,35.355339,0.000000,42.304351,38.268343,-14.644661,42.304351,35.355339,-27.059805,42.304351,27.059805,-35.355339,42.304351,14.644661,-38.268343,42.304351,0.000000,-35.355339,42.304351,-14.644661,-27.059805,42.304351,-27.059805,-14.644661,42.304351,-35.355339,-0.000000,42.304351,-38.268343,14.644661,42.304351,-35.355339,27.059805,42.304351,-27.059805,35.355339,42.304351,-14.644661,70.710678,20.627076,0.000000,65.328148,20.627076,27.059805,50.000000,20.627076,50.000000,27.059805,20.627076,65.328148,0.000000,20.627076,70.710678,-27.059805,20.627076,65.328148,-50.000000,20.627076,50.000000,-65.328148,20.627076,27.059805,-70.710678,20.627076,0.000000,-65.328148,20.627076,-27.059805,-50.000000,20.627076,-50.000000,-27.059805,20.627076,-65.328148,-0.000000,20.627076,-70.710678,27.059805,20.627076,-65.328148,50.000000,20.627076,-50.000000,65.328148,20.627076,-27.059805,92.387953,-11.815259,0.000000,85.355339,-11.815259,35.355339,65.328148,-11.815259,65.328148,35.355339,-11.815259,85.355339,0.000000,-11.815259,92.387953,-35.355339,-11.815259,85.355339,-65.328148,-11.815259,65.328148,-85.355339,-11.815259,35.355339,-92.387953,-11.815259,0.000000,-85.355339,-11.815259,-35.355339,-65.328148,-11.815259,-65.328148,-35.355339,-11.815259,-85.355339,-0.000000,-11.815259,-92.387953,35.355339,-11.815259,-85.355339,65.328148,-11.815259,-65.328148,85.355339,-11.815259,-35.355339,100.000000,-50.083602,0.000000,92.387953,-50.083602,38.268343,70.710678,-50.083602,70.710678,38.268343,-50.083602,92.387953,0.000000,-50.083602,100.000000,-38.268343,-50.083602,92.387953,-70.710678,-50.083602,70.710678,-92.387953,-50.083602,38.268343,-100.000000,-50.083602,0.000000,-92.387953,-50.083602,-38.268343,-70.710678,-50.083602,-70.710678,-38.268343,-50.083602,-92.387953,-0.000000,-50.083602,-100.000000,38.268343,-50.083602,-92.387953,70.710678,-50.083602,-70.710678,92.387953,-50.083602,-38.268343,0.000000,49.916398,0.000000],

    "morphTargets": [],

    "morphColors": [],